{
  "user": [
    {
      "name": "John",
      "email": "John@gmail.com",
      "id": 1
    },
    {
      "name": "Bob",
      "email": "Bob@gmail.com",
      "id": 2
    },
    {
      "name": "Alice",
      "email": "Alice@gmail.com",
      "id": 3
    },
    {
      "name": "disha",
      "email": "disha@gmail.com",
      "id": 4
    },
    {
      "name": "disha123",
      "email": "disha123@gmail.com",
      "id": 5
    },
    {
      "name": "u1",
      "email": "u1@gmail.com",
      "id": 7
    },
    {
      "name": "u2",
      "email": "u2@g.com",
      "id": 8
    },
    {
      "name": "fds",
      "email": "dfd@ghgh.fgdf",
      "id": 9
    },
    {
      "name": "t1",
      "email": "t1@t1",
      "id": 10
    },
    {
      "name": "t2",
      "email": "t2@t2",
      "id": 11
    },
    {
      "name": "t4",
      "email": "t4@t4",
      "id": 12
    },
    {
      "name": "r3",
      "email": "34@ewq",
      "id": 13
    },
    {
      "name": "t1",
      "email": "t1@t1",
      "id": 14
    },
    {
      "name": "t3",
      "email": "t3@t3",
      "id": 15
    },
    {
      "name": "Disha ",
      "email": "Disha@gmail.com",
      "id": 16
    }
  ]
}